-- phpMyAdmin SQL Dump
-- version 5.2.1
-- https://www.phpmyadmin.net/
--
-- Host: 127.0.0.1
-- Generation Time: Jan 03, 2026 at 12:26 PM
-- Server version: 10.4.32-MariaDB
-- PHP Version: 8.2.12

SET SQL_MODE = "NO_AUTO_VALUE_ON_ZERO";
START TRANSACTION;
SET time_zone = "+00:00";


/*!40101 SET @OLD_CHARACTER_SET_CLIENT=@@CHARACTER_SET_CLIENT */;
/*!40101 SET @OLD_CHARACTER_SET_RESULTS=@@CHARACTER_SET_RESULTS */;
/*!40101 SET @OLD_COLLATION_CONNECTION=@@COLLATION_CONNECTION */;
/*!40101 SET NAMES utf8mb4 */;

--
-- Database: `rekomendasi_wisata`
--

-- --------------------------------------------------------

--
-- Table structure for table `favorit`
--

CREATE TABLE `favorit` (
  `id` int(11) NOT NULL,
  `user_id` int(11) NOT NULL,
  `wisata_id` int(11) NOT NULL,
  `created_at` timestamp NOT NULL DEFAULT current_timestamp()
) ENGINE=InnoDB DEFAULT CHARSET=utf8mb4 COLLATE=utf8mb4_unicode_ci;

-- --------------------------------------------------------

--
-- Table structure for table `rating`
--

CREATE TABLE `rating` (
  `id` int(11) NOT NULL,
  `user_id` int(11) NOT NULL,
  `wisata_id` int(11) NOT NULL,
  `rating` tinyint(4) NOT NULL CHECK (`rating` between 1 and 5),
  `created_at` timestamp NOT NULL DEFAULT current_timestamp(),
  `updated_at` timestamp NOT NULL DEFAULT current_timestamp() ON UPDATE current_timestamp()
) ENGINE=InnoDB DEFAULT CHARSET=utf8mb4 COLLATE=utf8mb4_unicode_ci;

--
-- Dumping data for table `rating`
--

INSERT INTO `rating` (`id`, `user_id`, `wisata_id`, `rating`, `created_at`, `updated_at`) VALUES
(1, 3, 1, 1, '2026-01-03 11:25:37', '2026-01-03 11:25:37');

-- --------------------------------------------------------

--
-- Table structure for table `recommendation_history`
--

CREATE TABLE `recommendation_history` (
  `id` int(11) NOT NULL,
  `user_id` int(11) NOT NULL,
  `wisata_id` int(11) NOT NULL,
  `recommendation_score` decimal(5,4) NOT NULL,
  `recommendation_type` enum('collaborative','item_based','hybrid') NOT NULL,
  `created_at` timestamp NOT NULL DEFAULT current_timestamp()
) ENGINE=InnoDB DEFAULT CHARSET=utf8mb4 COLLATE=utf8mb4_unicode_ci;

--
-- Dumping data for table `recommendation_history`
--

INSERT INTO `recommendation_history` (`id`, `user_id`, `wisata_id`, `recommendation_score`, `recommendation_type`, `created_at`) VALUES
(1, 2, 1, 0.0000, 'hybrid', '2026-01-03 03:45:02'),
(2, 2, 2, 0.0000, 'hybrid', '2026-01-03 03:45:02'),
(3, 2, 3, 0.0000, 'hybrid', '2026-01-03 03:45:02'),
(4, 2, 4, 0.0000, 'hybrid', '2026-01-03 03:45:02'),
(5, 2, 5, 0.0000, 'hybrid', '2026-01-03 03:45:02'),
(6, 2, 6, 0.0000, 'hybrid', '2026-01-03 03:45:02'),
(7, 2, 1, 0.0000, 'hybrid', '2026-01-03 03:45:12'),
(8, 2, 2, 0.0000, 'hybrid', '2026-01-03 03:45:12'),
(9, 2, 3, 0.0000, 'hybrid', '2026-01-03 03:45:12'),
(10, 2, 4, 0.0000, 'hybrid', '2026-01-03 03:45:12'),
(11, 2, 5, 0.0000, 'hybrid', '2026-01-03 03:45:12'),
(12, 2, 6, 0.0000, 'hybrid', '2026-01-03 03:45:12'),
(13, 2, 7, 0.0000, 'hybrid', '2026-01-03 03:45:12'),
(14, 2, 8, 0.0000, 'hybrid', '2026-01-03 03:45:12'),
(15, 2, 9, 0.0000, 'hybrid', '2026-01-03 03:45:12'),
(16, 2, 10, 0.0000, 'hybrid', '2026-01-03 03:45:12'),
(17, 2, 11, 0.0000, 'hybrid', '2026-01-03 03:45:12'),
(18, 2, 12, 0.0000, 'hybrid', '2026-01-03 03:45:12'),
(19, 2, 1, 0.0000, 'hybrid', '2026-01-03 03:45:15'),
(20, 2, 2, 0.0000, 'hybrid', '2026-01-03 03:45:15'),
(21, 2, 3, 0.0000, 'hybrid', '2026-01-03 03:45:15'),
(22, 2, 4, 0.0000, 'hybrid', '2026-01-03 03:45:15'),
(23, 2, 5, 0.0000, 'hybrid', '2026-01-03 03:45:15'),
(24, 2, 6, 0.0000, 'hybrid', '2026-01-03 03:45:15'),
(25, 2, 1, 0.0000, 'hybrid', '2026-01-03 03:45:22'),
(26, 2, 2, 0.0000, 'hybrid', '2026-01-03 03:45:22'),
(27, 2, 3, 0.0000, 'hybrid', '2026-01-03 03:45:22'),
(28, 2, 4, 0.0000, 'hybrid', '2026-01-03 03:45:22'),
(29, 2, 5, 0.0000, 'hybrid', '2026-01-03 03:45:22'),
(30, 2, 6, 0.0000, 'hybrid', '2026-01-03 03:45:22'),
(31, 2, 1, 0.0000, 'hybrid', '2026-01-03 03:46:09'),
(32, 2, 2, 0.0000, 'hybrid', '2026-01-03 03:46:09'),
(33, 2, 3, 0.0000, 'hybrid', '2026-01-03 03:46:09'),
(34, 2, 4, 0.0000, 'hybrid', '2026-01-03 03:46:09'),
(35, 2, 5, 0.0000, 'hybrid', '2026-01-03 03:46:09'),
(36, 2, 6, 0.0000, 'hybrid', '2026-01-03 03:46:09'),
(37, 2, 1, 0.0000, 'hybrid', '2026-01-03 03:46:26'),
(38, 2, 2, 0.0000, 'hybrid', '2026-01-03 03:46:26'),
(39, 2, 3, 0.0000, 'hybrid', '2026-01-03 03:46:26'),
(40, 2, 4, 0.0000, 'hybrid', '2026-01-03 03:46:26'),
(41, 2, 5, 0.0000, 'hybrid', '2026-01-03 03:46:26'),
(42, 2, 6, 0.0000, 'hybrid', '2026-01-03 03:46:26'),
(43, 2, 1, 0.0000, 'hybrid', '2026-01-03 03:46:28'),
(44, 2, 2, 0.0000, 'hybrid', '2026-01-03 03:46:28'),
(45, 2, 3, 0.0000, 'hybrid', '2026-01-03 03:46:28'),
(46, 2, 4, 0.0000, 'hybrid', '2026-01-03 03:46:28'),
(47, 2, 5, 0.0000, 'hybrid', '2026-01-03 03:46:28'),
(48, 2, 6, 0.0000, 'hybrid', '2026-01-03 03:46:28'),
(49, 2, 1, 0.0000, 'hybrid', '2026-01-03 03:47:00'),
(50, 2, 2, 0.0000, 'hybrid', '2026-01-03 03:47:00'),
(51, 2, 3, 0.0000, 'hybrid', '2026-01-03 03:47:00'),
(52, 2, 4, 0.0000, 'hybrid', '2026-01-03 03:47:00'),
(53, 2, 5, 0.0000, 'hybrid', '2026-01-03 03:47:00'),
(54, 2, 6, 0.0000, 'hybrid', '2026-01-03 03:47:00'),
(55, 2, 1, 0.0000, 'hybrid', '2026-01-03 03:47:01'),
(56, 2, 2, 0.0000, 'hybrid', '2026-01-03 03:47:01'),
(57, 2, 3, 0.0000, 'hybrid', '2026-01-03 03:47:01'),
(58, 2, 4, 0.0000, 'hybrid', '2026-01-03 03:47:01'),
(59, 2, 5, 0.0000, 'hybrid', '2026-01-03 03:47:01'),
(60, 2, 6, 0.0000, 'hybrid', '2026-01-03 03:47:01'),
(61, 2, 1, 0.0000, 'hybrid', '2026-01-03 03:47:08'),
(62, 2, 2, 0.0000, 'hybrid', '2026-01-03 03:47:08'),
(63, 2, 3, 0.0000, 'hybrid', '2026-01-03 03:47:08'),
(64, 2, 4, 0.0000, 'hybrid', '2026-01-03 03:47:08'),
(65, 2, 5, 0.0000, 'hybrid', '2026-01-03 03:47:08'),
(66, 2, 6, 0.0000, 'hybrid', '2026-01-03 03:47:08'),
(67, 2, 1, 0.0000, 'hybrid', '2026-01-03 03:47:17'),
(68, 2, 2, 0.0000, 'hybrid', '2026-01-03 03:47:17'),
(69, 2, 3, 0.0000, 'hybrid', '2026-01-03 03:47:17'),
(70, 2, 4, 0.0000, 'hybrid', '2026-01-03 03:47:17'),
(71, 2, 5, 0.0000, 'hybrid', '2026-01-03 03:47:17'),
(72, 2, 6, 0.0000, 'hybrid', '2026-01-03 03:47:17'),
(73, 2, 1, 0.0000, 'hybrid', '2026-01-03 03:47:19'),
(74, 2, 2, 0.0000, 'hybrid', '2026-01-03 03:47:19'),
(75, 2, 3, 0.0000, 'hybrid', '2026-01-03 03:47:19'),
(76, 2, 4, 0.0000, 'hybrid', '2026-01-03 03:47:19'),
(77, 2, 5, 0.0000, 'hybrid', '2026-01-03 03:47:19'),
(78, 2, 6, 0.0000, 'hybrid', '2026-01-03 03:47:19'),
(79, 2, 1, 0.0000, 'hybrid', '2026-01-03 03:47:23'),
(80, 2, 2, 0.0000, 'hybrid', '2026-01-03 03:47:23'),
(81, 2, 3, 0.0000, 'hybrid', '2026-01-03 03:47:23'),
(82, 2, 4, 0.0000, 'hybrid', '2026-01-03 03:47:23'),
(83, 2, 5, 0.0000, 'hybrid', '2026-01-03 03:47:23'),
(84, 2, 6, 0.0000, 'hybrid', '2026-01-03 03:47:23'),
(85, 2, 1, 0.0000, 'hybrid', '2026-01-03 03:48:33'),
(86, 2, 2, 0.0000, 'hybrid', '2026-01-03 03:48:33'),
(87, 2, 3, 0.0000, 'hybrid', '2026-01-03 03:48:33'),
(88, 2, 4, 0.0000, 'hybrid', '2026-01-03 03:48:33'),
(89, 2, 5, 0.0000, 'hybrid', '2026-01-03 03:48:33'),
(90, 2, 6, 0.0000, 'hybrid', '2026-01-03 03:48:33'),
(91, 2, 1, 0.0000, 'hybrid', '2026-01-03 03:48:34'),
(92, 2, 2, 0.0000, 'hybrid', '2026-01-03 03:48:34'),
(93, 2, 3, 0.0000, 'hybrid', '2026-01-03 03:48:34'),
(94, 2, 4, 0.0000, 'hybrid', '2026-01-03 03:48:34'),
(95, 2, 5, 0.0000, 'hybrid', '2026-01-03 03:48:34'),
(96, 2, 6, 0.0000, 'hybrid', '2026-01-03 03:48:34'),
(97, 2, 1, 0.0000, 'hybrid', '2026-01-03 03:49:18'),
(98, 2, 2, 0.0000, 'hybrid', '2026-01-03 03:49:18'),
(99, 2, 3, 0.0000, 'hybrid', '2026-01-03 03:49:18'),
(100, 2, 4, 0.0000, 'hybrid', '2026-01-03 03:49:18'),
(101, 2, 5, 0.0000, 'hybrid', '2026-01-03 03:49:18'),
(102, 2, 6, 0.0000, 'hybrid', '2026-01-03 03:49:18'),
(103, 2, 1, 0.0000, 'hybrid', '2026-01-03 03:49:19'),
(104, 2, 2, 0.0000, 'hybrid', '2026-01-03 03:49:19'),
(105, 2, 3, 0.0000, 'hybrid', '2026-01-03 03:49:19'),
(106, 2, 4, 0.0000, 'hybrid', '2026-01-03 03:49:19'),
(107, 2, 5, 0.0000, 'hybrid', '2026-01-03 03:49:19'),
(108, 2, 6, 0.0000, 'hybrid', '2026-01-03 03:49:19'),
(109, 2, 1, 0.0000, 'hybrid', '2026-01-03 03:49:50'),
(110, 2, 2, 0.0000, 'hybrid', '2026-01-03 03:49:50'),
(111, 2, 3, 0.0000, 'hybrid', '2026-01-03 03:49:50'),
(112, 2, 4, 0.0000, 'hybrid', '2026-01-03 03:49:50'),
(113, 2, 5, 0.0000, 'hybrid', '2026-01-03 03:49:50'),
(114, 2, 6, 0.0000, 'hybrid', '2026-01-03 03:49:50'),
(115, 2, 1, 0.0000, 'hybrid', '2026-01-03 03:50:41'),
(116, 2, 2, 0.0000, 'hybrid', '2026-01-03 03:50:41'),
(117, 2, 3, 0.0000, 'hybrid', '2026-01-03 03:50:41'),
(118, 2, 4, 0.0000, 'hybrid', '2026-01-03 03:50:41'),
(119, 2, 5, 0.0000, 'hybrid', '2026-01-03 03:50:41'),
(120, 2, 6, 0.0000, 'hybrid', '2026-01-03 03:50:41'),
(121, 2, 1, 0.0000, 'hybrid', '2026-01-03 03:51:09'),
(122, 2, 2, 0.0000, 'hybrid', '2026-01-03 03:51:09'),
(123, 2, 3, 0.0000, 'hybrid', '2026-01-03 03:51:09'),
(124, 2, 4, 0.0000, 'hybrid', '2026-01-03 03:51:09'),
(125, 2, 5, 0.0000, 'hybrid', '2026-01-03 03:51:09'),
(126, 2, 6, 0.0000, 'hybrid', '2026-01-03 03:51:09'),
(127, 2, 1, 0.0000, 'hybrid', '2026-01-03 03:51:10'),
(128, 2, 2, 0.0000, 'hybrid', '2026-01-03 03:51:10'),
(129, 2, 3, 0.0000, 'hybrid', '2026-01-03 03:51:10'),
(130, 2, 4, 0.0000, 'hybrid', '2026-01-03 03:51:10'),
(131, 2, 5, 0.0000, 'hybrid', '2026-01-03 03:51:10'),
(132, 2, 6, 0.0000, 'hybrid', '2026-01-03 03:51:10'),
(133, 2, 1, 0.0000, 'hybrid', '2026-01-03 03:51:34'),
(134, 2, 2, 0.0000, 'hybrid', '2026-01-03 03:51:34'),
(135, 2, 3, 0.0000, 'hybrid', '2026-01-03 03:51:34'),
(136, 2, 4, 0.0000, 'hybrid', '2026-01-03 03:51:34'),
(137, 2, 5, 0.0000, 'hybrid', '2026-01-03 03:51:34'),
(138, 2, 6, 0.0000, 'hybrid', '2026-01-03 03:51:34'),
(139, 2, 1, 0.0000, 'hybrid', '2026-01-03 03:53:36'),
(140, 2, 2, 0.0000, 'hybrid', '2026-01-03 03:53:36'),
(141, 2, 3, 0.0000, 'hybrid', '2026-01-03 03:53:36'),
(142, 2, 4, 0.0000, 'hybrid', '2026-01-03 03:53:36'),
(143, 2, 5, 0.0000, 'hybrid', '2026-01-03 03:53:36'),
(144, 2, 6, 0.0000, 'hybrid', '2026-01-03 03:53:36'),
(145, 2, 1, 0.0000, 'hybrid', '2026-01-03 03:53:47'),
(146, 2, 2, 0.0000, 'hybrid', '2026-01-03 03:53:47'),
(147, 2, 3, 0.0000, 'hybrid', '2026-01-03 03:53:47'),
(148, 2, 4, 0.0000, 'hybrid', '2026-01-03 03:53:47'),
(149, 2, 5, 0.0000, 'hybrid', '2026-01-03 03:53:47'),
(150, 2, 6, 0.0000, 'hybrid', '2026-01-03 03:53:47'),
(151, 2, 1, 0.0000, 'hybrid', '2026-01-03 03:54:27'),
(152, 2, 2, 0.0000, 'hybrid', '2026-01-03 03:54:27'),
(153, 2, 3, 0.0000, 'hybrid', '2026-01-03 03:54:27'),
(154, 2, 4, 0.0000, 'hybrid', '2026-01-03 03:54:27'),
(155, 2, 5, 0.0000, 'hybrid', '2026-01-03 03:54:27'),
(156, 2, 6, 0.0000, 'hybrid', '2026-01-03 03:54:27'),
(157, 2, 1, 0.0000, 'hybrid', '2026-01-03 03:54:36'),
(158, 2, 2, 0.0000, 'hybrid', '2026-01-03 03:54:36'),
(159, 2, 3, 0.0000, 'hybrid', '2026-01-03 03:54:36'),
(160, 2, 4, 0.0000, 'hybrid', '2026-01-03 03:54:36'),
(161, 2, 5, 0.0000, 'hybrid', '2026-01-03 03:54:36'),
(162, 2, 6, 0.0000, 'hybrid', '2026-01-03 03:54:36'),
(163, 3, 1, 0.0000, 'hybrid', '2026-01-03 03:57:17'),
(164, 3, 2, 0.0000, 'hybrid', '2026-01-03 03:57:17'),
(165, 3, 3, 0.0000, 'hybrid', '2026-01-03 03:57:17'),
(166, 3, 4, 0.0000, 'hybrid', '2026-01-03 03:57:17'),
(167, 3, 5, 0.0000, 'hybrid', '2026-01-03 03:57:17'),
(168, 3, 6, 0.0000, 'hybrid', '2026-01-03 03:57:17'),
(169, 3, 1, 0.0000, 'hybrid', '2026-01-03 03:57:25'),
(170, 3, 2, 0.0000, 'hybrid', '2026-01-03 03:57:25'),
(171, 3, 3, 0.0000, 'hybrid', '2026-01-03 03:57:25'),
(172, 3, 4, 0.0000, 'hybrid', '2026-01-03 03:57:25'),
(173, 3, 5, 0.0000, 'hybrid', '2026-01-03 03:57:25'),
(174, 3, 6, 0.0000, 'hybrid', '2026-01-03 03:57:25'),
(175, 3, 1, 0.0000, 'hybrid', '2026-01-03 03:59:34'),
(176, 3, 2, 0.0000, 'hybrid', '2026-01-03 03:59:34'),
(177, 3, 3, 0.0000, 'hybrid', '2026-01-03 03:59:34'),
(178, 3, 4, 0.0000, 'hybrid', '2026-01-03 03:59:34'),
(179, 3, 5, 0.0000, 'hybrid', '2026-01-03 03:59:34'),
(180, 3, 6, 0.0000, 'hybrid', '2026-01-03 03:59:34'),
(181, 3, 1, 0.0000, 'hybrid', '2026-01-03 03:59:36'),
(182, 3, 2, 0.0000, 'hybrid', '2026-01-03 03:59:36'),
(183, 3, 3, 0.0000, 'hybrid', '2026-01-03 03:59:36'),
(184, 3, 4, 0.0000, 'hybrid', '2026-01-03 03:59:36'),
(185, 3, 5, 0.0000, 'hybrid', '2026-01-03 03:59:36'),
(186, 3, 6, 0.0000, 'hybrid', '2026-01-03 03:59:36'),
(187, 3, 1, 0.0000, 'hybrid', '2026-01-03 04:00:24'),
(188, 3, 2, 0.0000, 'hybrid', '2026-01-03 04:00:24'),
(189, 3, 3, 0.0000, 'hybrid', '2026-01-03 04:00:24'),
(190, 3, 4, 0.0000, 'hybrid', '2026-01-03 04:00:24'),
(191, 3, 5, 0.0000, 'hybrid', '2026-01-03 04:00:24'),
(192, 3, 6, 0.0000, 'hybrid', '2026-01-03 04:00:24'),
(193, 3, 1, 0.0000, 'hybrid', '2026-01-03 04:00:33'),
(194, 3, 2, 0.0000, 'hybrid', '2026-01-03 04:00:33'),
(195, 3, 3, 0.0000, 'hybrid', '2026-01-03 04:00:33'),
(196, 3, 4, 0.0000, 'hybrid', '2026-01-03 04:00:33'),
(197, 3, 5, 0.0000, 'hybrid', '2026-01-03 04:00:33'),
(198, 3, 6, 0.0000, 'hybrid', '2026-01-03 04:00:33'),
(199, 3, 1, 0.0000, 'hybrid', '2026-01-03 04:00:37'),
(200, 3, 2, 0.0000, 'hybrid', '2026-01-03 04:00:37'),
(201, 3, 3, 0.0000, 'hybrid', '2026-01-03 04:00:37'),
(202, 3, 4, 0.0000, 'hybrid', '2026-01-03 04:00:37'),
(203, 3, 5, 0.0000, 'hybrid', '2026-01-03 04:00:37'),
(204, 3, 6, 0.0000, 'hybrid', '2026-01-03 04:00:37'),
(205, 3, 7, 0.0000, 'hybrid', '2026-01-03 04:00:37'),
(206, 3, 8, 0.0000, 'hybrid', '2026-01-03 04:00:37'),
(207, 3, 9, 0.0000, 'hybrid', '2026-01-03 04:00:37'),
(208, 3, 10, 0.0000, 'hybrid', '2026-01-03 04:00:37'),
(209, 3, 11, 0.0000, 'hybrid', '2026-01-03 04:00:37'),
(210, 3, 12, 0.0000, 'hybrid', '2026-01-03 04:00:37'),
(211, 3, 1, 0.0000, 'hybrid', '2026-01-03 04:00:39'),
(212, 3, 2, 0.0000, 'hybrid', '2026-01-03 04:00:39'),
(213, 3, 3, 0.0000, 'hybrid', '2026-01-03 04:00:39'),
(214, 3, 4, 0.0000, 'hybrid', '2026-01-03 04:00:39'),
(215, 3, 5, 0.0000, 'hybrid', '2026-01-03 04:00:39'),
(216, 3, 6, 0.0000, 'hybrid', '2026-01-03 04:00:39'),
(217, 3, 1, 0.0000, 'hybrid', '2026-01-03 04:00:44'),
(218, 3, 2, 0.0000, 'hybrid', '2026-01-03 04:00:44'),
(219, 3, 3, 0.0000, 'hybrid', '2026-01-03 04:00:44'),
(220, 3, 4, 0.0000, 'hybrid', '2026-01-03 04:00:44'),
(221, 3, 5, 0.0000, 'hybrid', '2026-01-03 04:00:44'),
(222, 3, 6, 0.0000, 'hybrid', '2026-01-03 04:00:44'),
(223, 3, 1, 0.0000, 'hybrid', '2026-01-03 04:00:49'),
(224, 3, 2, 0.0000, 'hybrid', '2026-01-03 04:00:49'),
(225, 3, 3, 0.0000, 'hybrid', '2026-01-03 04:00:49'),
(226, 3, 4, 0.0000, 'hybrid', '2026-01-03 04:00:49'),
(227, 3, 5, 0.0000, 'hybrid', '2026-01-03 04:00:49'),
(228, 3, 6, 0.0000, 'hybrid', '2026-01-03 04:00:49'),
(229, 3, 1, 0.0000, 'hybrid', '2026-01-03 04:02:24'),
(230, 3, 2, 0.0000, 'hybrid', '2026-01-03 04:02:24'),
(231, 3, 3, 0.0000, 'hybrid', '2026-01-03 04:02:24'),
(232, 3, 4, 0.0000, 'hybrid', '2026-01-03 04:02:24'),
(233, 3, 5, 0.0000, 'hybrid', '2026-01-03 04:02:24'),
(234, 3, 6, 0.0000, 'hybrid', '2026-01-03 04:02:24'),
(235, 3, 1, 0.0000, 'hybrid', '2026-01-03 04:03:59'),
(236, 3, 2, 0.0000, 'hybrid', '2026-01-03 04:03:59'),
(237, 3, 3, 0.0000, 'hybrid', '2026-01-03 04:03:59'),
(238, 3, 4, 0.0000, 'hybrid', '2026-01-03 04:03:59'),
(239, 3, 5, 0.0000, 'hybrid', '2026-01-03 04:03:59'),
(240, 3, 6, 0.0000, 'hybrid', '2026-01-03 04:03:59'),
(241, 3, 1, 0.0000, 'hybrid', '2026-01-03 04:04:02'),
(242, 3, 2, 0.0000, 'hybrid', '2026-01-03 04:04:02'),
(243, 3, 3, 0.0000, 'hybrid', '2026-01-03 04:04:02'),
(244, 3, 4, 0.0000, 'hybrid', '2026-01-03 04:04:02'),
(245, 3, 5, 0.0000, 'hybrid', '2026-01-03 04:04:02'),
(246, 3, 6, 0.0000, 'hybrid', '2026-01-03 04:04:02'),
(247, 3, 1, 0.0000, 'hybrid', '2026-01-03 04:04:08'),
(248, 3, 2, 0.0000, 'hybrid', '2026-01-03 04:04:08'),
(249, 3, 3, 0.0000, 'hybrid', '2026-01-03 04:04:08'),
(250, 3, 4, 0.0000, 'hybrid', '2026-01-03 04:04:08'),
(251, 3, 5, 0.0000, 'hybrid', '2026-01-03 04:04:08'),
(252, 3, 6, 0.0000, 'hybrid', '2026-01-03 04:04:08'),
(253, 3, 1, 0.0000, 'hybrid', '2026-01-03 04:04:09'),
(254, 3, 2, 0.0000, 'hybrid', '2026-01-03 04:04:09'),
(255, 3, 3, 0.0000, 'hybrid', '2026-01-03 04:04:09'),
(256, 3, 4, 0.0000, 'hybrid', '2026-01-03 04:04:09'),
(257, 3, 5, 0.0000, 'hybrid', '2026-01-03 04:04:09'),
(258, 3, 6, 0.0000, 'hybrid', '2026-01-03 04:04:09'),
(259, 3, 1, 0.0000, 'hybrid', '2026-01-03 04:04:09'),
(260, 3, 2, 0.0000, 'hybrid', '2026-01-03 04:04:09'),
(261, 3, 3, 0.0000, 'hybrid', '2026-01-03 04:04:09'),
(262, 3, 4, 0.0000, 'hybrid', '2026-01-03 04:04:09'),
(263, 3, 5, 0.0000, 'hybrid', '2026-01-03 04:04:09'),
(264, 3, 6, 0.0000, 'hybrid', '2026-01-03 04:04:09'),
(265, 3, 1, 0.0000, 'hybrid', '2026-01-03 04:04:14'),
(266, 3, 2, 0.0000, 'hybrid', '2026-01-03 04:04:14'),
(267, 3, 3, 0.0000, 'hybrid', '2026-01-03 04:04:14'),
(268, 3, 4, 0.0000, 'hybrid', '2026-01-03 04:04:14'),
(269, 3, 5, 0.0000, 'hybrid', '2026-01-03 04:04:14'),
(270, 3, 6, 0.0000, 'hybrid', '2026-01-03 04:04:14'),
(271, 3, 1, 0.0000, 'hybrid', '2026-01-03 04:05:47'),
(272, 3, 2, 0.0000, 'hybrid', '2026-01-03 04:05:47'),
(273, 3, 3, 0.0000, 'hybrid', '2026-01-03 04:05:47'),
(274, 3, 4, 0.0000, 'hybrid', '2026-01-03 04:05:47'),
(275, 3, 5, 0.0000, 'hybrid', '2026-01-03 04:05:47'),
(276, 3, 6, 0.0000, 'hybrid', '2026-01-03 04:05:47'),
(277, 3, 1, 0.0000, 'hybrid', '2026-01-03 04:06:01'),
(278, 3, 2, 0.0000, 'hybrid', '2026-01-03 04:06:01'),
(279, 3, 3, 0.0000, 'hybrid', '2026-01-03 04:06:01'),
(280, 3, 4, 0.0000, 'hybrid', '2026-01-03 04:06:01'),
(281, 3, 5, 0.0000, 'hybrid', '2026-01-03 04:06:01'),
(282, 3, 6, 0.0000, 'hybrid', '2026-01-03 04:06:01'),
(283, 2, 1, 0.0000, 'hybrid', '2026-01-03 04:06:05'),
(284, 2, 2, 0.0000, 'hybrid', '2026-01-03 04:06:05'),
(285, 2, 3, 0.0000, 'hybrid', '2026-01-03 04:06:05'),
(286, 2, 4, 0.0000, 'hybrid', '2026-01-03 04:06:05'),
(287, 2, 5, 0.0000, 'hybrid', '2026-01-03 04:06:05'),
(288, 2, 6, 0.0000, 'hybrid', '2026-01-03 04:06:05'),
(289, 3, 1, 0.0000, 'hybrid', '2026-01-03 04:06:15'),
(290, 3, 2, 0.0000, 'hybrid', '2026-01-03 04:06:15'),
(291, 3, 3, 0.0000, 'hybrid', '2026-01-03 04:06:15'),
(292, 3, 4, 0.0000, 'hybrid', '2026-01-03 04:06:15'),
(293, 3, 5, 0.0000, 'hybrid', '2026-01-03 04:06:15'),
(294, 3, 6, 0.0000, 'hybrid', '2026-01-03 04:06:15'),
(295, 3, 1, 0.0000, 'hybrid', '2026-01-03 04:07:13'),
(296, 3, 2, 0.0000, 'hybrid', '2026-01-03 04:07:13'),
(297, 3, 3, 0.0000, 'hybrid', '2026-01-03 04:07:13'),
(298, 3, 4, 0.0000, 'hybrid', '2026-01-03 04:07:13'),
(299, 3, 5, 0.0000, 'hybrid', '2026-01-03 04:07:13'),
(300, 3, 6, 0.0000, 'hybrid', '2026-01-03 04:07:13'),
(301, 3, 1, 0.0000, 'hybrid', '2026-01-03 04:07:14'),
(302, 3, 2, 0.0000, 'hybrid', '2026-01-03 04:07:14'),
(303, 3, 3, 0.0000, 'hybrid', '2026-01-03 04:07:14'),
(304, 3, 4, 0.0000, 'hybrid', '2026-01-03 04:07:14'),
(305, 3, 5, 0.0000, 'hybrid', '2026-01-03 04:07:14'),
(306, 3, 6, 0.0000, 'hybrid', '2026-01-03 04:07:14'),
(307, 3, 1, 0.0000, 'hybrid', '2026-01-03 04:07:15'),
(308, 3, 2, 0.0000, 'hybrid', '2026-01-03 04:07:15'),
(309, 3, 3, 0.0000, 'hybrid', '2026-01-03 04:07:15'),
(310, 3, 4, 0.0000, 'hybrid', '2026-01-03 04:07:15'),
(311, 3, 5, 0.0000, 'hybrid', '2026-01-03 04:07:15'),
(312, 3, 6, 0.0000, 'hybrid', '2026-01-03 04:07:15'),
(313, 3, 1, 0.0000, 'hybrid', '2026-01-03 04:07:27'),
(314, 3, 2, 0.0000, 'hybrid', '2026-01-03 04:07:27'),
(315, 3, 3, 0.0000, 'hybrid', '2026-01-03 04:07:27'),
(316, 3, 4, 0.0000, 'hybrid', '2026-01-03 04:07:27'),
(317, 3, 5, 0.0000, 'hybrid', '2026-01-03 04:07:27'),
(318, 3, 6, 0.0000, 'hybrid', '2026-01-03 04:07:27'),
(319, 3, 1, 0.0000, 'hybrid', '2026-01-03 04:07:29'),
(320, 3, 2, 0.0000, 'hybrid', '2026-01-03 04:07:29'),
(321, 3, 3, 0.0000, 'hybrid', '2026-01-03 04:07:29'),
(322, 3, 4, 0.0000, 'hybrid', '2026-01-03 04:07:29'),
(323, 3, 5, 0.0000, 'hybrid', '2026-01-03 04:07:29'),
(324, 3, 6, 0.0000, 'hybrid', '2026-01-03 04:07:29'),
(325, 3, 1, 0.0000, 'hybrid', '2026-01-03 04:08:45'),
(326, 3, 2, 0.0000, 'hybrid', '2026-01-03 04:08:45'),
(327, 3, 3, 0.0000, 'hybrid', '2026-01-03 04:08:45'),
(328, 3, 4, 0.0000, 'hybrid', '2026-01-03 04:08:45'),
(329, 3, 5, 0.0000, 'hybrid', '2026-01-03 04:08:45'),
(330, 3, 6, 0.0000, 'hybrid', '2026-01-03 04:08:45'),
(331, 3, 1, 0.0000, 'hybrid', '2026-01-03 04:09:40'),
(332, 3, 2, 0.0000, 'hybrid', '2026-01-03 04:09:40'),
(333, 3, 3, 0.0000, 'hybrid', '2026-01-03 04:09:40'),
(334, 3, 4, 0.0000, 'hybrid', '2026-01-03 04:09:40'),
(335, 3, 5, 0.0000, 'hybrid', '2026-01-03 04:09:40'),
(336, 3, 6, 0.0000, 'hybrid', '2026-01-03 04:09:40'),
(337, 3, 1, 0.0000, 'hybrid', '2026-01-03 04:09:41'),
(338, 3, 2, 0.0000, 'hybrid', '2026-01-03 04:09:41'),
(339, 3, 3, 0.0000, 'hybrid', '2026-01-03 04:09:41'),
(340, 3, 4, 0.0000, 'hybrid', '2026-01-03 04:09:41'),
(341, 3, 5, 0.0000, 'hybrid', '2026-01-03 04:09:41'),
(342, 3, 6, 0.0000, 'hybrid', '2026-01-03 04:09:41'),
(343, 3, 1, 0.0000, 'hybrid', '2026-01-03 04:10:44'),
(344, 3, 2, 0.0000, 'hybrid', '2026-01-03 04:10:44'),
(345, 3, 3, 0.0000, 'hybrid', '2026-01-03 04:10:44'),
(346, 3, 4, 0.0000, 'hybrid', '2026-01-03 04:10:44'),
(347, 3, 5, 0.0000, 'hybrid', '2026-01-03 04:10:44'),
(348, 3, 6, 0.0000, 'hybrid', '2026-01-03 04:10:44'),
(349, 3, 1, 0.0000, 'hybrid', '2026-01-03 04:11:21'),
(350, 3, 2, 0.0000, 'hybrid', '2026-01-03 04:11:21'),
(351, 3, 3, 0.0000, 'hybrid', '2026-01-03 04:11:21'),
(352, 3, 4, 0.0000, 'hybrid', '2026-01-03 04:11:21'),
(353, 3, 5, 0.0000, 'hybrid', '2026-01-03 04:11:21'),
(354, 3, 6, 0.0000, 'hybrid', '2026-01-03 04:11:21'),
(355, 3, 1, 0.0000, 'hybrid', '2026-01-03 04:11:26'),
(356, 3, 2, 0.0000, 'hybrid', '2026-01-03 04:11:26'),
(357, 3, 3, 0.0000, 'hybrid', '2026-01-03 04:11:26'),
(358, 3, 4, 0.0000, 'hybrid', '2026-01-03 04:11:26'),
(359, 3, 5, 0.0000, 'hybrid', '2026-01-03 04:11:26'),
(360, 3, 6, 0.0000, 'hybrid', '2026-01-03 04:11:26'),
(361, 3, 1, 0.0000, 'hybrid', '2026-01-03 04:11:31'),
(362, 3, 2, 0.0000, 'hybrid', '2026-01-03 04:11:31'),
(363, 3, 3, 0.0000, 'hybrid', '2026-01-03 04:11:31'),
(364, 3, 4, 0.0000, 'hybrid', '2026-01-03 04:11:31'),
(365, 3, 5, 0.0000, 'hybrid', '2026-01-03 04:11:31'),
(366, 3, 6, 0.0000, 'hybrid', '2026-01-03 04:11:31'),
(367, 3, 1, 0.0000, 'hybrid', '2026-01-03 04:14:33'),
(368, 3, 2, 0.0000, 'hybrid', '2026-01-03 04:14:33'),
(369, 3, 3, 0.0000, 'hybrid', '2026-01-03 04:14:33'),
(370, 3, 4, 0.0000, 'hybrid', '2026-01-03 04:14:33'),
(371, 3, 5, 0.0000, 'hybrid', '2026-01-03 04:14:33'),
(372, 3, 6, 0.0000, 'hybrid', '2026-01-03 04:14:33'),
(373, 3, 1, 0.0000, 'hybrid', '2026-01-03 04:14:52'),
(374, 3, 2, 0.0000, 'hybrid', '2026-01-03 04:14:52'),
(375, 3, 3, 0.0000, 'hybrid', '2026-01-03 04:14:52'),
(376, 3, 4, 0.0000, 'hybrid', '2026-01-03 04:14:52'),
(377, 3, 5, 0.0000, 'hybrid', '2026-01-03 04:14:52'),
(378, 3, 6, 0.0000, 'hybrid', '2026-01-03 04:14:52'),
(379, 3, 1, 0.0000, 'hybrid', '2026-01-03 04:14:53'),
(380, 3, 2, 0.0000, 'hybrid', '2026-01-03 04:14:53'),
(381, 3, 3, 0.0000, 'hybrid', '2026-01-03 04:14:53'),
(382, 3, 4, 0.0000, 'hybrid', '2026-01-03 04:14:53'),
(383, 3, 5, 0.0000, 'hybrid', '2026-01-03 04:14:53'),
(384, 3, 6, 0.0000, 'hybrid', '2026-01-03 04:14:53'),
(385, 3, 1, 0.0000, 'hybrid', '2026-01-03 04:15:03'),
(386, 3, 2, 0.0000, 'hybrid', '2026-01-03 04:15:03'),
(387, 3, 3, 0.0000, 'hybrid', '2026-01-03 04:15:03'),
(388, 3, 4, 0.0000, 'hybrid', '2026-01-03 04:15:03'),
(389, 3, 5, 0.0000, 'hybrid', '2026-01-03 04:15:03'),
(390, 3, 6, 0.0000, 'hybrid', '2026-01-03 04:15:03'),
(391, 3, 1, 0.0000, 'hybrid', '2026-01-03 04:15:08'),
(392, 3, 2, 0.0000, 'hybrid', '2026-01-03 04:15:08'),
(393, 3, 3, 0.0000, 'hybrid', '2026-01-03 04:15:08'),
(394, 3, 4, 0.0000, 'hybrid', '2026-01-03 04:15:08'),
(395, 3, 5, 0.0000, 'hybrid', '2026-01-03 04:15:08'),
(396, 3, 6, 0.0000, 'hybrid', '2026-01-03 04:15:08'),
(397, 3, 1, 0.0000, 'hybrid', '2026-01-03 04:15:19'),
(398, 3, 2, 0.0000, 'hybrid', '2026-01-03 04:15:19'),
(399, 3, 3, 0.0000, 'hybrid', '2026-01-03 04:15:19'),
(400, 3, 4, 0.0000, 'hybrid', '2026-01-03 04:15:19'),
(401, 3, 5, 0.0000, 'hybrid', '2026-01-03 04:15:19'),
(402, 3, 6, 0.0000, 'hybrid', '2026-01-03 04:15:19'),
(403, 3, 1, 0.0000, 'hybrid', '2026-01-03 04:15:20'),
(404, 3, 2, 0.0000, 'hybrid', '2026-01-03 04:15:20'),
(405, 3, 3, 0.0000, 'hybrid', '2026-01-03 04:15:20'),
(406, 3, 4, 0.0000, 'hybrid', '2026-01-03 04:15:20'),
(407, 3, 5, 0.0000, 'hybrid', '2026-01-03 04:15:20'),
(408, 3, 6, 0.0000, 'hybrid', '2026-01-03 04:15:20'),
(409, 3, 1, 0.0000, 'hybrid', '2026-01-03 04:15:49'),
(410, 3, 2, 0.0000, 'hybrid', '2026-01-03 04:15:49'),
(411, 3, 3, 0.0000, 'hybrid', '2026-01-03 04:15:49'),
(412, 3, 4, 0.0000, 'hybrid', '2026-01-03 04:15:49'),
(413, 3, 5, 0.0000, 'hybrid', '2026-01-03 04:15:49'),
(414, 3, 6, 0.0000, 'hybrid', '2026-01-03 04:15:49'),
(415, 3, 1, 0.0000, 'hybrid', '2026-01-03 04:16:17'),
(416, 3, 2, 0.0000, 'hybrid', '2026-01-03 04:16:17'),
(417, 3, 3, 0.0000, 'hybrid', '2026-01-03 04:16:17'),
(418, 3, 4, 0.0000, 'hybrid', '2026-01-03 04:16:17'),
(419, 3, 5, 0.0000, 'hybrid', '2026-01-03 04:16:17'),
(420, 3, 6, 0.0000, 'hybrid', '2026-01-03 04:16:17'),
(421, 3, 1, 0.0000, 'hybrid', '2026-01-03 04:16:18'),
(422, 3, 2, 0.0000, 'hybrid', '2026-01-03 04:16:18'),
(423, 3, 3, 0.0000, 'hybrid', '2026-01-03 04:16:18'),
(424, 3, 4, 0.0000, 'hybrid', '2026-01-03 04:16:18'),
(425, 3, 5, 0.0000, 'hybrid', '2026-01-03 04:16:18'),
(426, 3, 6, 0.0000, 'hybrid', '2026-01-03 04:16:18'),
(427, 3, 1, 0.0000, 'hybrid', '2026-01-03 04:16:43'),
(428, 3, 2, 0.0000, 'hybrid', '2026-01-03 04:16:43'),
(429, 3, 3, 0.0000, 'hybrid', '2026-01-03 04:16:43'),
(430, 3, 4, 0.0000, 'hybrid', '2026-01-03 04:16:43'),
(431, 3, 5, 0.0000, 'hybrid', '2026-01-03 04:16:43'),
(432, 3, 6, 0.0000, 'hybrid', '2026-01-03 04:16:43'),
(433, 3, 1, 0.0000, 'hybrid', '2026-01-03 04:16:44'),
(434, 3, 2, 0.0000, 'hybrid', '2026-01-03 04:16:44'),
(435, 3, 3, 0.0000, 'hybrid', '2026-01-03 04:16:44'),
(436, 3, 4, 0.0000, 'hybrid', '2026-01-03 04:16:44'),
(437, 3, 5, 0.0000, 'hybrid', '2026-01-03 04:16:44'),
(438, 3, 6, 0.0000, 'hybrid', '2026-01-03 04:16:44'),
(439, 3, 1, 0.0000, 'hybrid', '2026-01-03 04:16:45'),
(440, 3, 2, 0.0000, 'hybrid', '2026-01-03 04:16:45'),
(441, 3, 3, 0.0000, 'hybrid', '2026-01-03 04:16:45'),
(442, 3, 4, 0.0000, 'hybrid', '2026-01-03 04:16:45'),
(443, 3, 5, 0.0000, 'hybrid', '2026-01-03 04:16:45'),
(444, 3, 6, 0.0000, 'hybrid', '2026-01-03 04:16:45'),
(445, 3, 1, 0.0000, 'hybrid', '2026-01-03 04:16:45'),
(446, 3, 2, 0.0000, 'hybrid', '2026-01-03 04:16:45'),
(447, 3, 3, 0.0000, 'hybrid', '2026-01-03 04:16:45'),
(448, 3, 4, 0.0000, 'hybrid', '2026-01-03 04:16:45'),
(449, 3, 5, 0.0000, 'hybrid', '2026-01-03 04:16:45'),
(450, 3, 6, 0.0000, 'hybrid', '2026-01-03 04:16:45'),
(451, 3, 1, 0.0000, 'hybrid', '2026-01-03 04:17:02'),
(452, 3, 2, 0.0000, 'hybrid', '2026-01-03 04:17:02'),
(453, 3, 3, 0.0000, 'hybrid', '2026-01-03 04:17:02'),
(454, 3, 4, 0.0000, 'hybrid', '2026-01-03 04:17:02'),
(455, 3, 5, 0.0000, 'hybrid', '2026-01-03 04:17:02'),
(456, 3, 6, 0.0000, 'hybrid', '2026-01-03 04:17:02'),
(457, 3, 1, 0.0000, 'hybrid', '2026-01-03 04:17:52'),
(458, 3, 2, 0.0000, 'hybrid', '2026-01-03 04:17:52'),
(459, 3, 3, 0.0000, 'hybrid', '2026-01-03 04:17:52'),
(460, 3, 4, 0.0000, 'hybrid', '2026-01-03 04:17:52'),
(461, 3, 5, 0.0000, 'hybrid', '2026-01-03 04:17:52'),
(462, 3, 6, 0.0000, 'hybrid', '2026-01-03 04:17:52'),
(463, 3, 1, 0.0000, 'hybrid', '2026-01-03 04:17:58'),
(464, 3, 2, 0.0000, 'hybrid', '2026-01-03 04:17:58'),
(465, 3, 3, 0.0000, 'hybrid', '2026-01-03 04:17:58'),
(466, 3, 4, 0.0000, 'hybrid', '2026-01-03 04:17:58'),
(467, 3, 5, 0.0000, 'hybrid', '2026-01-03 04:17:58'),
(468, 3, 6, 0.0000, 'hybrid', '2026-01-03 04:17:58'),
(469, 3, 1, 0.0000, 'hybrid', '2026-01-03 04:18:39'),
(470, 3, 2, 0.0000, 'hybrid', '2026-01-03 04:18:39'),
(471, 3, 3, 0.0000, 'hybrid', '2026-01-03 04:18:39'),
(472, 3, 4, 0.0000, 'hybrid', '2026-01-03 04:18:39'),
(473, 3, 5, 0.0000, 'hybrid', '2026-01-03 04:18:39'),
(474, 3, 6, 0.0000, 'hybrid', '2026-01-03 04:18:39'),
(475, 3, 1, 0.0000, 'hybrid', '2026-01-03 04:19:19'),
(476, 3, 2, 0.0000, 'hybrid', '2026-01-03 04:19:19'),
(477, 3, 3, 0.0000, 'hybrid', '2026-01-03 04:19:19'),
(478, 3, 4, 0.0000, 'hybrid', '2026-01-03 04:19:19'),
(479, 3, 5, 0.0000, 'hybrid', '2026-01-03 04:19:19'),
(480, 3, 6, 0.0000, 'hybrid', '2026-01-03 04:19:19'),
(481, 3, 1, 0.0000, 'hybrid', '2026-01-03 04:19:34'),
(482, 3, 2, 0.0000, 'hybrid', '2026-01-03 04:19:34'),
(483, 3, 3, 0.0000, 'hybrid', '2026-01-03 04:19:34'),
(484, 3, 4, 0.0000, 'hybrid', '2026-01-03 04:19:34'),
(485, 3, 5, 0.0000, 'hybrid', '2026-01-03 04:19:34'),
(486, 3, 6, 0.0000, 'hybrid', '2026-01-03 04:19:34'),
(487, 3, 1, 0.0000, 'hybrid', '2026-01-03 04:21:42'),
(488, 3, 2, 0.0000, 'hybrid', '2026-01-03 04:21:42'),
(489, 3, 3, 0.0000, 'hybrid', '2026-01-03 04:21:42'),
(490, 3, 4, 0.0000, 'hybrid', '2026-01-03 04:21:42'),
(491, 3, 5, 0.0000, 'hybrid', '2026-01-03 04:21:42'),
(492, 3, 6, 0.0000, 'hybrid', '2026-01-03 04:21:42'),
(493, 3, 1, 0.0000, 'hybrid', '2026-01-03 04:21:49'),
(494, 3, 2, 0.0000, 'hybrid', '2026-01-03 04:21:49'),
(495, 3, 3, 0.0000, 'hybrid', '2026-01-03 04:21:49'),
(496, 3, 4, 0.0000, 'hybrid', '2026-01-03 04:21:49'),
(497, 3, 5, 0.0000, 'hybrid', '2026-01-03 04:21:49'),
(498, 3, 6, 0.0000, 'hybrid', '2026-01-03 04:21:49'),
(499, 3, 1, 0.0000, 'hybrid', '2026-01-03 04:22:02'),
(500, 3, 2, 0.0000, 'hybrid', '2026-01-03 04:22:02'),
(501, 3, 3, 0.0000, 'hybrid', '2026-01-03 04:22:02'),
(502, 3, 4, 0.0000, 'hybrid', '2026-01-03 04:22:02'),
(503, 3, 5, 0.0000, 'hybrid', '2026-01-03 04:22:02'),
(504, 3, 6, 0.0000, 'hybrid', '2026-01-03 04:22:02'),
(505, 3, 7, 0.0000, 'hybrid', '2026-01-03 04:22:02'),
(506, 3, 8, 0.0000, 'hybrid', '2026-01-03 04:22:02'),
(507, 3, 9, 0.0000, 'hybrid', '2026-01-03 04:22:02'),
(508, 3, 10, 0.0000, 'hybrid', '2026-01-03 04:22:02'),
(509, 3, 11, 0.0000, 'hybrid', '2026-01-03 04:22:02'),
(510, 3, 12, 0.0000, 'hybrid', '2026-01-03 04:22:02'),
(511, 3, 1, 0.0000, 'hybrid', '2026-01-03 04:22:04'),
(512, 3, 2, 0.0000, 'hybrid', '2026-01-03 04:22:04'),
(513, 3, 3, 0.0000, 'hybrid', '2026-01-03 04:22:04'),
(514, 3, 4, 0.0000, 'hybrid', '2026-01-03 04:22:04'),
(515, 3, 5, 0.0000, 'hybrid', '2026-01-03 04:22:04'),
(516, 3, 6, 0.0000, 'hybrid', '2026-01-03 04:22:04'),
(517, 3, 1, 0.0000, 'hybrid', '2026-01-03 04:22:08'),
(518, 3, 2, 0.0000, 'hybrid', '2026-01-03 04:22:08'),
(519, 3, 3, 0.0000, 'hybrid', '2026-01-03 04:22:08'),
(520, 3, 4, 0.0000, 'hybrid', '2026-01-03 04:22:08'),
(521, 3, 5, 0.0000, 'hybrid', '2026-01-03 04:22:08'),
(522, 3, 6, 0.0000, 'hybrid', '2026-01-03 04:22:08'),
(523, 3, 1, 0.0000, 'hybrid', '2026-01-03 04:24:01'),
(524, 3, 2, 0.0000, 'hybrid', '2026-01-03 04:24:01'),
(525, 3, 3, 0.0000, 'hybrid', '2026-01-03 04:24:01'),
(526, 3, 4, 0.0000, 'hybrid', '2026-01-03 04:24:01'),
(527, 3, 5, 0.0000, 'hybrid', '2026-01-03 04:24:01'),
(528, 3, 6, 0.0000, 'hybrid', '2026-01-03 04:24:01'),
(529, 3, 1, 0.0000, 'hybrid', '2026-01-03 04:26:57'),
(530, 3, 2, 0.0000, 'hybrid', '2026-01-03 04:26:57'),
(531, 3, 3, 0.0000, 'hybrid', '2026-01-03 04:26:57'),
(532, 3, 4, 0.0000, 'hybrid', '2026-01-03 04:26:57'),
(533, 3, 5, 0.0000, 'hybrid', '2026-01-03 04:26:57'),
(534, 3, 6, 0.0000, 'hybrid', '2026-01-03 04:26:57'),
(535, 3, 1, 0.0000, 'hybrid', '2026-01-03 04:27:03'),
(536, 3, 2, 0.0000, 'hybrid', '2026-01-03 04:27:03'),
(537, 3, 3, 0.0000, 'hybrid', '2026-01-03 04:27:03'),
(538, 3, 4, 0.0000, 'hybrid', '2026-01-03 04:27:03'),
(539, 3, 5, 0.0000, 'hybrid', '2026-01-03 04:27:03'),
(540, 3, 6, 0.0000, 'hybrid', '2026-01-03 04:27:03'),
(541, 3, 1, 0.0000, 'hybrid', '2026-01-03 04:27:06'),
(542, 3, 2, 0.0000, 'hybrid', '2026-01-03 04:27:06'),
(543, 3, 3, 0.0000, 'hybrid', '2026-01-03 04:27:06'),
(544, 3, 4, 0.0000, 'hybrid', '2026-01-03 04:27:06'),
(545, 3, 5, 0.0000, 'hybrid', '2026-01-03 04:27:06'),
(546, 3, 6, 0.0000, 'hybrid', '2026-01-03 04:27:06'),
(547, 3, 1, 0.0000, 'hybrid', '2026-01-03 04:27:11'),
(548, 3, 2, 0.0000, 'hybrid', '2026-01-03 04:27:11'),
(549, 3, 3, 0.0000, 'hybrid', '2026-01-03 04:27:11'),
(550, 3, 4, 0.0000, 'hybrid', '2026-01-03 04:27:11'),
(551, 3, 5, 0.0000, 'hybrid', '2026-01-03 04:27:11'),
(552, 3, 6, 0.0000, 'hybrid', '2026-01-03 04:27:11'),
(553, 3, 1, 0.0000, 'hybrid', '2026-01-03 04:29:25'),
(554, 3, 2, 0.0000, 'hybrid', '2026-01-03 04:29:25'),
(555, 3, 3, 0.0000, 'hybrid', '2026-01-03 04:29:25'),
(556, 3, 4, 0.0000, 'hybrid', '2026-01-03 04:29:25'),
(557, 3, 5, 0.0000, 'hybrid', '2026-01-03 04:29:25'),
(558, 3, 6, 0.0000, 'hybrid', '2026-01-03 04:29:25'),
(559, 3, 1, 0.0000, 'hybrid', '2026-01-03 04:29:31'),
(560, 3, 2, 0.0000, 'hybrid', '2026-01-03 04:29:31'),
(561, 3, 3, 0.0000, 'hybrid', '2026-01-03 04:29:31'),
(562, 3, 4, 0.0000, 'hybrid', '2026-01-03 04:29:31'),
(563, 3, 5, 0.0000, 'hybrid', '2026-01-03 04:29:31'),
(564, 3, 6, 0.0000, 'hybrid', '2026-01-03 04:29:31'),
(565, 3, 1, 0.0000, 'hybrid', '2026-01-03 04:29:40'),
(566, 3, 2, 0.0000, 'hybrid', '2026-01-03 04:29:40'),
(567, 3, 3, 0.0000, 'hybrid', '2026-01-03 04:29:40'),
(568, 3, 4, 0.0000, 'hybrid', '2026-01-03 04:29:40'),
(569, 3, 5, 0.0000, 'hybrid', '2026-01-03 04:29:40'),
(570, 3, 6, 0.0000, 'hybrid', '2026-01-03 04:29:40'),
(571, 3, 1, 0.0000, 'hybrid', '2026-01-03 05:10:01'),
(572, 3, 2, 0.0000, 'hybrid', '2026-01-03 05:10:01'),
(573, 3, 3, 0.0000, 'hybrid', '2026-01-03 05:10:01'),
(574, 3, 4, 0.0000, 'hybrid', '2026-01-03 05:10:01'),
(575, 3, 5, 0.0000, 'hybrid', '2026-01-03 05:10:01'),
(576, 3, 6, 0.0000, 'hybrid', '2026-01-03 05:10:01'),
(577, 3, 1, 0.0000, 'hybrid', '2026-01-03 05:11:08'),
(578, 3, 2, 0.0000, 'hybrid', '2026-01-03 05:11:08'),
(579, 3, 3, 0.0000, 'hybrid', '2026-01-03 05:11:08'),
(580, 3, 4, 0.0000, 'hybrid', '2026-01-03 05:11:08'),
(581, 3, 5, 0.0000, 'hybrid', '2026-01-03 05:11:08'),
(582, 3, 6, 0.0000, 'hybrid', '2026-01-03 05:11:08'),
(583, 3, 1, 0.0000, 'hybrid', '2026-01-03 05:11:09'),
(584, 3, 2, 0.0000, 'hybrid', '2026-01-03 05:11:09'),
(585, 3, 3, 0.0000, 'hybrid', '2026-01-03 05:11:09'),
(586, 3, 4, 0.0000, 'hybrid', '2026-01-03 05:11:09'),
(587, 3, 5, 0.0000, 'hybrid', '2026-01-03 05:11:09'),
(588, 3, 6, 0.0000, 'hybrid', '2026-01-03 05:11:09'),
(589, 3, 1, 0.0000, 'hybrid', '2026-01-03 05:11:09'),
(590, 3, 2, 0.0000, 'hybrid', '2026-01-03 05:11:09'),
(591, 3, 3, 0.0000, 'hybrid', '2026-01-03 05:11:09'),
(592, 3, 4, 0.0000, 'hybrid', '2026-01-03 05:11:09'),
(593, 3, 5, 0.0000, 'hybrid', '2026-01-03 05:11:09'),
(594, 3, 6, 0.0000, 'hybrid', '2026-01-03 05:11:09'),
(595, 3, 1, 0.0000, 'hybrid', '2026-01-03 05:11:09'),
(596, 3, 2, 0.0000, 'hybrid', '2026-01-03 05:11:09'),
(597, 3, 3, 0.0000, 'hybrid', '2026-01-03 05:11:09'),
(598, 3, 4, 0.0000, 'hybrid', '2026-01-03 05:11:09'),
(599, 3, 5, 0.0000, 'hybrid', '2026-01-03 05:11:09'),
(600, 3, 6, 0.0000, 'hybrid', '2026-01-03 05:11:09'),
(601, 3, 1, 0.0000, 'hybrid', '2026-01-03 05:13:27'),
(602, 3, 2, 0.0000, 'hybrid', '2026-01-03 05:13:27'),
(603, 3, 3, 0.0000, 'hybrid', '2026-01-03 05:13:27'),
(604, 3, 4, 0.0000, 'hybrid', '2026-01-03 05:13:27'),
(605, 3, 5, 0.0000, 'hybrid', '2026-01-03 05:13:27'),
(606, 3, 6, 0.0000, 'hybrid', '2026-01-03 05:13:27'),
(607, 3, 1, 0.0000, 'hybrid', '2026-01-03 05:13:48'),
(608, 3, 2, 0.0000, 'hybrid', '2026-01-03 05:13:48'),
(609, 3, 3, 0.0000, 'hybrid', '2026-01-03 05:13:48'),
(610, 3, 4, 0.0000, 'hybrid', '2026-01-03 05:13:48'),
(611, 3, 5, 0.0000, 'hybrid', '2026-01-03 05:13:48'),
(612, 3, 6, 0.0000, 'hybrid', '2026-01-03 05:13:48'),
(613, 3, 1, 0.0000, 'hybrid', '2026-01-03 05:14:11'),
(614, 3, 2, 0.0000, 'hybrid', '2026-01-03 05:14:11'),
(615, 3, 3, 0.0000, 'hybrid', '2026-01-03 05:14:11'),
(616, 3, 4, 0.0000, 'hybrid', '2026-01-03 05:14:11'),
(617, 3, 5, 0.0000, 'hybrid', '2026-01-03 05:14:11'),
(618, 3, 6, 0.0000, 'hybrid', '2026-01-03 05:14:11'),
(619, 3, 1, 0.0000, 'hybrid', '2026-01-03 05:14:11'),
(620, 3, 2, 0.0000, 'hybrid', '2026-01-03 05:14:11'),
(621, 3, 3, 0.0000, 'hybrid', '2026-01-03 05:14:11'),
(622, 3, 4, 0.0000, 'hybrid', '2026-01-03 05:14:11'),
(623, 3, 5, 0.0000, 'hybrid', '2026-01-03 05:14:11'),
(624, 3, 6, 0.0000, 'hybrid', '2026-01-03 05:14:11'),
(625, 3, 1, 0.0000, 'hybrid', '2026-01-03 05:14:12'),
(626, 3, 2, 0.0000, 'hybrid', '2026-01-03 05:14:12'),
(627, 3, 3, 0.0000, 'hybrid', '2026-01-03 05:14:12'),
(628, 3, 4, 0.0000, 'hybrid', '2026-01-03 05:14:12'),
(629, 3, 5, 0.0000, 'hybrid', '2026-01-03 05:14:12'),
(630, 3, 6, 0.0000, 'hybrid', '2026-01-03 05:14:12'),
(631, 3, 1, 0.0000, 'hybrid', '2026-01-03 05:14:12'),
(632, 3, 2, 0.0000, 'hybrid', '2026-01-03 05:14:12'),
(633, 3, 3, 0.0000, 'hybrid', '2026-01-03 05:14:12'),
(634, 3, 4, 0.0000, 'hybrid', '2026-01-03 05:14:12'),
(635, 3, 5, 0.0000, 'hybrid', '2026-01-03 05:14:12'),
(636, 3, 6, 0.0000, 'hybrid', '2026-01-03 05:14:12'),
(637, 3, 1, 0.0000, 'hybrid', '2026-01-03 05:14:12'),
(638, 3, 2, 0.0000, 'hybrid', '2026-01-03 05:14:12'),
(639, 3, 3, 0.0000, 'hybrid', '2026-01-03 05:14:12'),
(640, 3, 4, 0.0000, 'hybrid', '2026-01-03 05:14:12'),
(641, 3, 5, 0.0000, 'hybrid', '2026-01-03 05:14:12'),
(642, 3, 6, 0.0000, 'hybrid', '2026-01-03 05:14:12'),
(643, 3, 1, 0.0000, 'hybrid', '2026-01-03 05:14:12'),
(644, 3, 2, 0.0000, 'hybrid', '2026-01-03 05:14:12'),
(645, 3, 3, 0.0000, 'hybrid', '2026-01-03 05:14:12'),
(646, 3, 4, 0.0000, 'hybrid', '2026-01-03 05:14:12'),
(647, 3, 5, 0.0000, 'hybrid', '2026-01-03 05:14:12'),
(648, 3, 6, 0.0000, 'hybrid', '2026-01-03 05:14:12'),
(649, 3, 1, 0.0000, 'hybrid', '2026-01-03 05:14:13'),
(650, 3, 2, 0.0000, 'hybrid', '2026-01-03 05:14:13'),
(651, 3, 3, 0.0000, 'hybrid', '2026-01-03 05:14:13'),
(652, 3, 4, 0.0000, 'hybrid', '2026-01-03 05:14:13'),
(653, 3, 5, 0.0000, 'hybrid', '2026-01-03 05:14:13'),
(654, 3, 6, 0.0000, 'hybrid', '2026-01-03 05:14:13'),
(655, 3, 1, 0.0000, 'hybrid', '2026-01-03 05:14:13'),
(656, 3, 2, 0.0000, 'hybrid', '2026-01-03 05:14:13'),
(657, 3, 3, 0.0000, 'hybrid', '2026-01-03 05:14:13'),
(658, 3, 4, 0.0000, 'hybrid', '2026-01-03 05:14:13'),
(659, 3, 5, 0.0000, 'hybrid', '2026-01-03 05:14:13'),
(660, 3, 6, 0.0000, 'hybrid', '2026-01-03 05:14:13'),
(661, 3, 1, 0.0000, 'hybrid', '2026-01-03 05:14:13'),
(662, 3, 2, 0.0000, 'hybrid', '2026-01-03 05:14:13'),
(663, 3, 3, 0.0000, 'hybrid', '2026-01-03 05:14:13'),
(664, 3, 4, 0.0000, 'hybrid', '2026-01-03 05:14:13'),
(665, 3, 5, 0.0000, 'hybrid', '2026-01-03 05:14:13'),
(666, 3, 6, 0.0000, 'hybrid', '2026-01-03 05:14:13'),
(667, 3, 1, 0.0000, 'hybrid', '2026-01-03 05:14:13'),
(668, 3, 2, 0.0000, 'hybrid', '2026-01-03 05:14:13'),
(669, 3, 3, 0.0000, 'hybrid', '2026-01-03 05:14:13'),
(670, 3, 4, 0.0000, 'hybrid', '2026-01-03 05:14:13'),
(671, 3, 5, 0.0000, 'hybrid', '2026-01-03 05:14:13'),
(672, 3, 6, 0.0000, 'hybrid', '2026-01-03 05:14:13'),
(673, 3, 1, 0.0000, 'hybrid', '2026-01-03 05:14:34'),
(674, 3, 2, 0.0000, 'hybrid', '2026-01-03 05:14:34'),
(675, 3, 3, 0.0000, 'hybrid', '2026-01-03 05:14:34'),
(676, 3, 4, 0.0000, 'hybrid', '2026-01-03 05:14:34'),
(677, 3, 5, 0.0000, 'hybrid', '2026-01-03 05:14:34'),
(678, 3, 6, 0.0000, 'hybrid', '2026-01-03 05:14:34'),
(679, 3, 1, 0.0000, 'hybrid', '2026-01-03 05:15:08'),
(680, 3, 2, 0.0000, 'hybrid', '2026-01-03 05:15:08'),
(681, 3, 3, 0.0000, 'hybrid', '2026-01-03 05:15:08'),
(682, 3, 4, 0.0000, 'hybrid', '2026-01-03 05:15:08'),
(683, 3, 5, 0.0000, 'hybrid', '2026-01-03 05:15:08'),
(684, 3, 6, 0.0000, 'hybrid', '2026-01-03 05:15:08'),
(685, 3, 1, 0.0000, 'hybrid', '2026-01-03 05:17:11'),
(686, 3, 2, 0.0000, 'hybrid', '2026-01-03 05:17:11'),
(687, 3, 3, 0.0000, 'hybrid', '2026-01-03 05:17:11'),
(688, 3, 4, 0.0000, 'hybrid', '2026-01-03 05:17:11'),
(689, 3, 5, 0.0000, 'hybrid', '2026-01-03 05:17:11'),
(690, 3, 6, 0.0000, 'hybrid', '2026-01-03 05:17:11'),
(691, 3, 1, 0.0000, 'hybrid', '2026-01-03 05:17:14'),
(692, 3, 2, 0.0000, 'hybrid', '2026-01-03 05:17:14'),
(693, 3, 3, 0.0000, 'hybrid', '2026-01-03 05:17:14'),
(694, 3, 4, 0.0000, 'hybrid', '2026-01-03 05:17:14'),
(695, 3, 5, 0.0000, 'hybrid', '2026-01-03 05:17:14'),
(696, 3, 6, 0.0000, 'hybrid', '2026-01-03 05:17:14'),
(697, 3, 1, 0.0000, 'hybrid', '2026-01-03 05:17:37'),
(698, 3, 2, 0.0000, 'hybrid', '2026-01-03 05:17:37'),
(699, 3, 3, 0.0000, 'hybrid', '2026-01-03 05:17:37'),
(700, 3, 4, 0.0000, 'hybrid', '2026-01-03 05:17:37'),
(701, 3, 5, 0.0000, 'hybrid', '2026-01-03 05:17:37'),
(702, 3, 6, 0.0000, 'hybrid', '2026-01-03 05:17:37'),
(703, 3, 1, 0.0000, 'hybrid', '2026-01-03 05:19:45'),
(704, 3, 2, 0.0000, 'hybrid', '2026-01-03 05:19:45'),
(705, 3, 3, 0.0000, 'hybrid', '2026-01-03 05:19:45'),
(706, 3, 4, 0.0000, 'hybrid', '2026-01-03 05:19:45'),
(707, 3, 5, 0.0000, 'hybrid', '2026-01-03 05:19:45'),
(708, 3, 6, 0.0000, 'hybrid', '2026-01-03 05:19:45'),
(709, 3, 1, 0.0000, 'hybrid', '2026-01-03 05:20:16'),
(710, 3, 2, 0.0000, 'hybrid', '2026-01-03 05:20:16'),
(711, 3, 3, 0.0000, 'hybrid', '2026-01-03 05:20:16'),
(712, 3, 4, 0.0000, 'hybrid', '2026-01-03 05:20:16'),
(713, 3, 5, 0.0000, 'hybrid', '2026-01-03 05:20:16'),
(714, 3, 6, 0.0000, 'hybrid', '2026-01-03 05:20:16'),
(715, 3, 1, 0.0000, 'hybrid', '2026-01-03 05:20:35'),
(716, 3, 2, 0.0000, 'hybrid', '2026-01-03 05:20:35'),
(717, 3, 3, 0.0000, 'hybrid', '2026-01-03 05:20:35'),
(718, 3, 4, 0.0000, 'hybrid', '2026-01-03 05:20:35'),
(719, 3, 5, 0.0000, 'hybrid', '2026-01-03 05:20:35'),
(720, 3, 6, 0.0000, 'hybrid', '2026-01-03 05:20:35'),
(721, 3, 1, 0.0000, 'hybrid', '2026-01-03 05:24:47'),
(722, 3, 2, 0.0000, 'hybrid', '2026-01-03 05:24:47'),
(723, 3, 3, 0.0000, 'hybrid', '2026-01-03 05:24:47'),
(724, 3, 4, 0.0000, 'hybrid', '2026-01-03 05:24:47'),
(725, 3, 5, 0.0000, 'hybrid', '2026-01-03 05:24:47'),
(726, 3, 6, 0.0000, 'hybrid', '2026-01-03 05:24:47'),
(727, 3, 1, 0.0000, 'hybrid', '2026-01-03 05:24:59'),
(728, 3, 2, 0.0000, 'hybrid', '2026-01-03 05:24:59'),
(729, 3, 3, 0.0000, 'hybrid', '2026-01-03 05:24:59'),
(730, 3, 4, 0.0000, 'hybrid', '2026-01-03 05:24:59'),
(731, 3, 5, 0.0000, 'hybrid', '2026-01-03 05:24:59'),
(732, 3, 6, 0.0000, 'hybrid', '2026-01-03 05:24:59');

-- --------------------------------------------------------

--
-- Table structure for table `reviews`
--

CREATE TABLE `reviews` (
  `id` int(11) NOT NULL,
  `user_id` int(11) NOT NULL,
  `wisata_id` int(11) NOT NULL,
  `review` text NOT NULL,
  `rating` tinyint(4) NOT NULL CHECK (`rating` between 1 and 5),
  `foto_review` varchar(255) DEFAULT NULL,
  `helpful_count` int(11) DEFAULT 0,
  `created_at` timestamp NOT NULL DEFAULT current_timestamp(),
  `updated_at` timestamp NOT NULL DEFAULT current_timestamp() ON UPDATE current_timestamp(),
  `status` enum('approved','pending','rejected') DEFAULT 'approved'
) ENGINE=InnoDB DEFAULT CHARSET=utf8mb4 COLLATE=utf8mb4_unicode_ci;

-- --------------------------------------------------------

--
-- Table structure for table `similarity_cache`
--

CREATE TABLE `similarity_cache` (
  `id` int(11) NOT NULL,
  `wisata_id_1` int(11) NOT NULL,
  `wisata_id_2` int(11) NOT NULL,
  `similarity_score` decimal(5,4) NOT NULL,
  `calculated_at` timestamp NOT NULL DEFAULT current_timestamp()
) ENGINE=InnoDB DEFAULT CHARSET=utf8mb4 COLLATE=utf8mb4_unicode_ci;

-- --------------------------------------------------------

--
-- Table structure for table `users`
--

CREATE TABLE `users` (
  `id` int(11) NOT NULL,
  `username` varchar(50) NOT NULL,
  `email` varchar(100) NOT NULL,
  `password` varchar(255) NOT NULL,
  `nama_lengkap` varchar(100) NOT NULL,
  `tanggal_lahir` date DEFAULT NULL,
  `jenis_kelamin` enum('L','P') DEFAULT NULL,
  `no_telepon` varchar(20) DEFAULT NULL,
  `alamat` text DEFAULT NULL,
  `foto_profil` varchar(255) DEFAULT 'default.jpg',
  `foto` varchar(255) DEFAULT NULL,
  `google_id` varchar(255) DEFAULT NULL UNIQUE,
  `role` enum('user','admin') DEFAULT 'user',
  `created_at` timestamp NOT NULL DEFAULT current_timestamp(),
  `updated_at` timestamp NOT NULL DEFAULT current_timestamp() ON UPDATE current_timestamp(),
  `last_login` timestamp NULL DEFAULT NULL,
  `status` enum('active','inactive') DEFAULT 'active'
) ENGINE=InnoDB DEFAULT CHARSET=utf8mb4 COLLATE=utf8mb4_unicode_ci;

--
-- Dumping data for table `users`
--

INSERT INTO `users` (`id`, `username`, `email`, `password`, `nama_lengkap`, `tanggal_lahir`, `jenis_kelamin`, `no_telepon`, `alamat`, `foto_profil`, `role`, `created_at`, `updated_at`, `last_login`, `status`) VALUES
(1, 'admin', 'admin@wisatajogja.com', '$2y$10$92IXUNpkjO0rOQ5byMi.Ye4oKoEa3Ro9llC/.og/at2.uheWG/igi', 'Administrator', NULL, NULL, NULL, NULL, 'default.jpg', 'admin', '2026-01-03 03:59:02', '2026-01-03 03:59:02', NULL, 'active'),
(2, 'tasya', 'tas@gmail.com', '$2y$10$ILQjzHFgtwaJ7VP2BD8JGOEnGH9cGpZ407PPNjTMFLjbiSG3PxErW', '', NULL, NULL, NULL, NULL, 'default.jpg', 'user', '2026-01-03 09:13:24', '2026-01-03 09:51:33', '2026-01-03 03:51:33', 'active'),
(3, 'titi', 'ti@gmail.com', '$2y$10$SMKNhMBx1XWrDHn9blXp6ewHFEFL9KVi0zOFHxlZe7D9kH44.pDAm', '', NULL, NULL, NULL, NULL, 'default.jpg', 'user', '2026-01-03 09:56:59', '2026-01-03 11:20:35', '2026-01-03 05:20:35', 'active');

-- --------------------------------------------------------

--
-- Table structure for table `wisata`
--

CREATE TABLE `wisata` (
  `id` int(11) NOT NULL,
  `nama` varchar(200) NOT NULL,
  `kategori` enum('alam','budaya','sejarah','kuliner','belanja','edukasi','hiburan') NOT NULL,
  `deskripsi` text NOT NULL,
  `alamat` text NOT NULL,
  `latitude` decimal(10,8) DEFAULT NULL,
  `longitude` decimal(11,8) DEFAULT NULL,
  `harga_tiket` decimal(10,2) DEFAULT 0.00,
  `jam_buka` time DEFAULT NULL,
  `jam_tutup` time DEFAULT NULL,
  `foto` varchar(255) DEFAULT NULL,
  `fasilitas` text DEFAULT NULL,
  `kontak` varchar(100) DEFAULT NULL,
  `website` varchar(200) DEFAULT NULL,
  `rating_avg` decimal(3,2) DEFAULT 0.00,
  `jumlah_rating` int(11) DEFAULT 0,
  `jumlah_review` int(11) DEFAULT 0,
  `jumlah_favorit` int(11) DEFAULT 0,
  `views` int(11) DEFAULT 0,
  `created_at` timestamp NOT NULL DEFAULT current_timestamp(),
  `updated_at` timestamp NOT NULL DEFAULT current_timestamp() ON UPDATE current_timestamp(),
  `status` enum('active','inactive') DEFAULT 'active'
) ENGINE=InnoDB DEFAULT CHARSET=utf8mb4 COLLATE=utf8mb4_unicode_ci;

--
-- Dumping data for table `wisata`
--

INSERT INTO `wisata` (`id`, `nama`, `kategori`, `deskripsi`, `alamat`, `latitude`, `longitude`, `harga_tiket`, `jam_buka`, `jam_tutup`, `foto`, `fasilitas`, `kontak`, `website`, `rating_avg`, `jumlah_rating`, `jumlah_review`, `jumlah_favorit`, `views`, `created_at`, `updated_at`, `status`) VALUES
(1, 'Candi Borobudur', 'sejarah', 'Candi Buddha terbesar di dunia yang merupakan situs warisan dunia UNESCO. Dibangun pada abad ke-8 dan ke-9 dengan arsitektur yang menakjubkan.', 'Borobudur, Magelang, Jawa Tengah', -7.60787400, 110.20375100, 50000.00, NULL, NULL, 'borobudur.png', 'Parkir, Toilet, Musholla, Cafe, Toko Souvenir', NULL, NULL, 0.00, 0, 0, 0, 0, '2026-01-03 03:59:02', '2026-01-03 03:59:02', 'active'),
(2, 'Candi Prambanan', 'sejarah', 'Kompleks candi Hindu terbesar di Indonesia yang juga merupakan situs warisan dunia UNESCO. Dibangun pada abad ke-9 dengan relief yang indah.', 'Sleman, Yogyakarta', -7.75202000, 110.49146700, 50000.00, NULL, NULL, 'prambanan.png', 'Parkir, Toilet, Musholla, Cafe, Museum', NULL, NULL, 0.00, 0, 0, 0, 0, '2026-01-03 03:59:02', '2026-01-03 03:59:02', 'active'),
(3, 'Malioboro', 'belanja', 'Jalan legendaris di Yogyakarta yang menjadi pusat perbelanjaan dan wisata. Terkenal dengan pedagang kaki lima dan toko-toko souvenir.', 'Jl. Malioboro, Yogyakarta', -7.79297000, 110.36596300, 0.00, NULL, NULL, 'malioboro.png', 'Parkir, Toilet, ATM, Toko', NULL, NULL, 0.00, 0, 0, 0, 0, '2026-01-03 03:59:02', '2026-01-03 03:59:02', 'active'),
(4, 'Keraton Yogyakarta', 'budaya', 'Istana resmi Kesultanan Ngayogyakarta Hadiningrat. Kompleks bangunan bersejarah yang masih dihuni oleh Sultan dan keluarganya.', 'Jl. Rotowijayan, Yogyakarta', -7.80527400, 110.36428100, 15000.00, NULL, NULL, 'keraton.png', 'Parkir, Toilet, Musholla, Museum, Guide', NULL, NULL, 0.00, 0, 0, 0, 0, '2026-01-03 03:59:02', '2026-01-03 03:59:02', 'active'),
(5, 'Pantai Parangtritis', 'alam', 'Pantai yang terkenal dengan legenda Nyi Roro Kidul. Memiliki pemandangan sunset yang indah dan ombak yang besar.', 'Parangtritis, Bantul, Yogyakarta', -8.02492600, 110.32970400, 10000.00, NULL, NULL, 'parangtritis.png', 'Parkir, Toilet, Warung, Penyewaan ATV', NULL, NULL, 0.00, 0, 0, 0, 0, '2026-01-03 03:59:02', '2026-01-03 03:59:02', 'active'),
(6, 'Taman Sari', 'sejarah', 'Bekas taman atau kebun istana Keraton Yogyakarta. Memiliki kolam pemandian dan terowongan bawah tanah yang menarik.', 'Jl. Taman, Yogyakarta', -7.81025100, 110.35971100, 15000.00, NULL, NULL, 'tamansari.png', 'Parkir, Toilet, Musholla, Guide', NULL, NULL, 0.00, 0, 0, 0, 0, '2026-01-03 03:59:02', '2026-01-03 03:59:02', 'active'),
(7, 'Goa Pindul', 'alam', 'Wisata cave tubing yang populer di Gunungkidul. Menawarkan pengalaman menyusuri goa dengan ban pelampung.', 'Gunungkidul, Yogyakarta', -7.93773500, 110.61199200, 35000.00, NULL, NULL, 'goapindul.png', 'Parkir, Toilet, Kamar Ganti, Locker, Cafe', NULL, NULL, 0.00, 0, 0, 0, 0, '2026-01-03 03:59:02', '2026-01-03 03:59:02', 'active'),
(8, 'Hutan Pinus Mangunan', 'alam', 'Hutan pinus dengan spot foto yang instagramable. Menawarkan pemandangan alam yang sejuk dan asri.', 'Mangunan, Bantul, Yogyakarta', -7.93705300, 110.42627700, 10000.00, NULL, NULL, 'hutan_pinus.png', 'Parkir, Toilet, Warung, Spot Foto', NULL, NULL, 0.00, 0, 0, 0, 0, '2026-01-03 03:59:02', '2026-01-03 03:59:02', 'active'),
(9, 'Kaliurang', 'alam', 'Kawasan wisata pegunungan yang sejuk di lereng Gunung Merapi. Cocok untuk berlibur bersama keluarga.', 'Kaliurang, Sleman, Yogyakarta', -7.59750000, 110.42694400, 0.00, NULL, NULL, 'kaliurang.png', 'Parkir, Toilet, Hotel, Restaurant', NULL, NULL, 0.00, 0, 0, 0, 0, '2026-01-03 03:59:02', '2026-01-03 03:59:02', 'active'),
(10, 'Museum Ullen Sentalu', 'budaya', 'Museum yang menyimpan koleksi budaya Jawa, khususnya Dinasti Mataram. Arsitektur unik dengan taman yang indah.', 'Kaliurang, Sleman, Yogyakarta', -7.61666700, 110.41666700, 50000.00, NULL, NULL, 'museumulen.png', 'Parkir, Toilet, Guide, Cafe', NULL, NULL, 0.00, 0, 0, 0, 0, '2026-01-03 03:59:02', '2026-01-03 03:59:02', 'active'),
(11, 'Tebing Breksi', 'alam', 'Bekas tambang batu yang disulap menjadi obyek wisata dengan relief dan ukiran di dinding tebing.', 'Prambanan, Sleman, Yogyakarta', -7.75916700, 110.50277800, 10000.00, NULL, NULL, 'tebing_breksi.png', 'Parkir, Toilet, Warung, Spot Foto', NULL, NULL, 0.00, 0, 0, 0, 0, '2026-01-03 03:59:02', '2026-01-03 03:59:02', 'active'),
(12, 'Alun-Alun Kidul', 'budaya', 'Alun-alun selatan Keraton Yogyakarta yang terkenal dengan dua pohon beringin kembar dan wahana permainan.', 'Jl. Alun-Alun Kidul, Yogyakarta', -7.81305600, 110.36416700, 0.00, NULL, NULL, 'alunalun.png', 'Parkir, Toilet, Warung, Permainan', NULL, NULL, 0.00, 0, 0, 0, 0, '2026-01-03 03:59:02', '2026-01-03 03:59:02', 'active'),
(13, 'Bukit Bintang Jogja', 'alam', 'Tempat wisata dengan pemandangan kota Yogyakarta dari ketinggian. Populer untuk menikmati sunset dan malam hari.', 'Patuk, Gunungkidul, Yogyakarta', -7.86694400, 110.48527800, 10000.00, NULL, NULL, 'bukitbintang.png', 'Parkir, Toilet, Warung, Spot Foto', NULL, NULL, 0.00, 0, 0, 0, 0, '2026-01-03 03:59:02', '2026-01-03 03:59:02', 'active'),
(14, 'Heha Sky View', 'hiburan', 'Wisata dengan berbagai wahana dan spot foto dengan pemandangan kota Yogyakarta dari ketinggaan.', 'Gunungkidul, Yogyakarta', -7.88194400, 110.51666700, 25000.00, NULL, NULL, 'hehaskyview.png', 'Parkir, Toilet, Restaurant, Spot Foto', NULL, NULL, 0.00, 0, 0, 0, 0, '2026-01-03 03:59:02', '2026-01-03 03:59:02', 'active'),
(15, 'De Mata Trick Eye Museum', 'hiburan', 'Museum seni 3D yang interaktif dengan berbagai latar belakang untuk berfoto.', 'Jl. Gejayan, Yogyakarta', -7.77527800, 110.38555600, 100000.00, NULL, NULL, 'demata.png', 'Parkir, Toilet, AC, Cafe', NULL, NULL, 0.00, 0, 0, 0, 0, '2026-01-03 03:59:02', '2026-01-03 03:59:02', 'active');

--
-- Indexes for dumped tables
--

--
-- Indexes for table `favorit`
--
ALTER TABLE `favorit`
  ADD PRIMARY KEY (`id`),
  ADD UNIQUE KEY `unique_user_wisata` (`user_id`,`wisata_id`),
  ADD KEY `idx_user` (`user_id`),
  ADD KEY `idx_wisata` (`wisata_id`);

--
-- Indexes for table `rating`
--
ALTER TABLE `rating`
  ADD PRIMARY KEY (`id`),
  ADD UNIQUE KEY `unique_user_wisata` (`user_id`,`wisata_id`),
  ADD KEY `idx_user` (`user_id`),
  ADD KEY `idx_wisata` (`wisata_id`),
  ADD KEY `idx_rating` (`rating`);

--
-- Indexes for table `recommendation_history`
--
ALTER TABLE `recommendation_history`
  ADD PRIMARY KEY (`id`),
  ADD KEY `idx_user` (`user_id`),
  ADD KEY `idx_wisata` (`wisata_id`),
  ADD KEY `idx_type` (`recommendation_type`),
  ADD KEY `idx_created` (`created_at`);

--
-- Indexes for table `reviews`
--
ALTER TABLE `reviews`
  ADD PRIMARY KEY (`id`),
  ADD KEY `idx_user` (`user_id`),
  ADD KEY `idx_wisata` (`wisata_id`),
  ADD KEY `idx_status` (`status`),
  ADD KEY `idx_created` (`created_at`);

--
-- Indexes for table `similarity_cache`
--
ALTER TABLE `similarity_cache`
  ADD PRIMARY KEY (`id`),
  ADD UNIQUE KEY `unique_pair` (`wisata_id_1`,`wisata_id_2`),
  ADD KEY `idx_wisata1` (`wisata_id_1`),
  ADD KEY `idx_wisata2` (`wisata_id_2`),
  ADD KEY `idx_score` (`similarity_score`);

--
-- Indexes for table `users`
--
ALTER TABLE `users`
  ADD PRIMARY KEY (`id`),
  ADD UNIQUE KEY `username` (`username`),
  ADD UNIQUE KEY `email` (`email`),
  ADD KEY `idx_username` (`username`),
  ADD KEY `idx_email` (`email`),
  ADD KEY `idx_role` (`role`);

--
-- Indexes for table `wisata`
--
ALTER TABLE `wisata`
  ADD PRIMARY KEY (`id`),
  ADD KEY `idx_kategori` (`kategori`),
  ADD KEY `idx_rating` (`rating_avg`),
  ADD KEY `idx_status` (`status`);
ALTER TABLE `wisata` ADD FULLTEXT KEY `idx_search` (`nama`,`deskripsi`,`alamat`);

--
-- AUTO_INCREMENT for dumped tables
--

--
-- AUTO_INCREMENT for table `favorit`
--
ALTER TABLE `favorit`
  MODIFY `id` int(11) NOT NULL AUTO_INCREMENT;

--
-- AUTO_INCREMENT for table `rating`
--
ALTER TABLE `rating`
  MODIFY `id` int(11) NOT NULL AUTO_INCREMENT, AUTO_INCREMENT=2;

--
-- AUTO_INCREMENT for table `recommendation_history`
--
ALTER TABLE `recommendation_history`
  MODIFY `id` int(11) NOT NULL AUTO_INCREMENT, AUTO_INCREMENT=733;

--
-- AUTO_INCREMENT for table `reviews`
--
ALTER TABLE `reviews`
  MODIFY `id` int(11) NOT NULL AUTO_INCREMENT;

--
-- AUTO_INCREMENT for table `similarity_cache`
--
ALTER TABLE `similarity_cache`
  MODIFY `id` int(11) NOT NULL AUTO_INCREMENT;

--
-- AUTO_INCREMENT for table `users`
--
ALTER TABLE `users`
  MODIFY `id` int(11) NOT NULL AUTO_INCREMENT, AUTO_INCREMENT=4;

--
-- AUTO_INCREMENT for table `wisata`
--
ALTER TABLE `wisata`
  MODIFY `id` int(11) NOT NULL AUTO_INCREMENT, AUTO_INCREMENT=16;

--
-- Constraints for dumped tables
--

--
-- Constraints for table `favorit`
--
ALTER TABLE `favorit`
  ADD CONSTRAINT `favorit_ibfk_1` FOREIGN KEY (`user_id`) REFERENCES `users` (`id`) ON DELETE CASCADE,
  ADD CONSTRAINT `favorit_ibfk_2` FOREIGN KEY (`wisata_id`) REFERENCES `wisata` (`id`) ON DELETE CASCADE;

--
-- Constraints for table `rating`
--
ALTER TABLE `rating`
  ADD CONSTRAINT `rating_ibfk_1` FOREIGN KEY (`user_id`) REFERENCES `users` (`id`) ON DELETE CASCADE,
  ADD CONSTRAINT `rating_ibfk_2` FOREIGN KEY (`wisata_id`) REFERENCES `wisata` (`id`) ON DELETE CASCADE;

--
-- Constraints for table `recommendation_history`
--
ALTER TABLE `recommendation_history`
  ADD CONSTRAINT `recommendation_history_ibfk_1` FOREIGN KEY (`user_id`) REFERENCES `users` (`id`) ON DELETE CASCADE,
  ADD CONSTRAINT `recommendation_history_ibfk_2` FOREIGN KEY (`wisata_id`) REFERENCES `wisata` (`id`) ON DELETE CASCADE;

--
-- Constraints for table `reviews`
--
ALTER TABLE `reviews`
  ADD CONSTRAINT `reviews_ibfk_1` FOREIGN KEY (`user_id`) REFERENCES `users` (`id`) ON DELETE CASCADE,
  ADD CONSTRAINT `reviews_ibfk_2` FOREIGN KEY (`wisata_id`) REFERENCES `wisata` (`id`) ON DELETE CASCADE;

--
-- Constraints for table `similarity_cache`
--
ALTER TABLE `similarity_cache`
  ADD CONSTRAINT `similarity_cache_ibfk_1` FOREIGN KEY (`wisata_id_1`) REFERENCES `wisata` (`id`) ON DELETE CASCADE,
  ADD CONSTRAINT `similarity_cache_ibfk_2` FOREIGN KEY (`wisata_id_2`) REFERENCES `wisata` (`id`) ON DELETE CASCADE;
COMMIT;

/*!40101 SET CHARACTER_SET_CLIENT=@OLD_CHARACTER_SET_CLIENT */;
/*!40101 SET CHARACTER_SET_RESULTS=@OLD_CHARACTER_SET_RESULTS */;
/*!40101 SET COLLATION_CONNECTION=@OLD_COLLATION_CONNECTION */;
